{
    "alpha": 0.14234268980408268,
    "beta": 0.6009723742234508,
    "gamma": 0.44642084506720536,
    "season_length": 180
}